{"cameraMode":{"drawMode":0,"name":"Shaded","section":"Shading Mode"},"sceneLighting":true,"audioPlay":false,"sceneViewState":{"m_AlwaysRefresh":false,"showFog":true,"showSkybox":false,"showFlares":true,"showImageEffects":true,"showParticleSystems":true,"showVisualEffectGraphs":true,"m_FxEnabled":true},"in2DMode":false,"pivot":{"x":0.7069647908210754,"y":-4.4541544914245609,"z":-17.270360946655275},"rotation":{"x":0.00984070636332035,"y":0.9842347502708435,"z":-0.17144764959812165,"w":0.051402654498815539},"size":18.088340759277345,"orthographic":false}