{"cameraMode":{"drawMode":0,"name":"Shaded","section":"Shading Mode"},"sceneLighting":true,"audioPlay":false,"sceneViewState":{"m_AlwaysRefresh":false,"showFog":true,"showSkybox":true,"showFlares":true,"showImageEffects":true,"showParticleSystems":true,"showVisualEffectGraphs":true,"m_FxEnabled":true},"in2DMode":false,"pivot":{"x":0.5307804942131043,"y":0.19110333919525147,"z":-3.2415266036987306},"rotation":{"x":0.20962801575660706,"y":0.012021548114717007,"z":-0.0025791521184146406,"w":0.9777119159698486},"size":5.4959635734558109,"orthographic":false}