{"cameraMode":{"drawMode":0,"name":"Shaded","section":"Shading Mode"},"sceneLighting":true,"audioPlay":false,"sceneViewState":{"m_AlwaysRefresh":false,"showFog":true,"showSkybox":true,"showFlares":true,"showImageEffects":true,"showParticleSystems":true,"showVisualEffectGraphs":true,"m_FxEnabled":true},"in2DMode":false,"pivot":{"x":-3.0116970539093019,"y":-7.7106828689575199,"z":31.900169372558595},"rotation":{"x":0.13497881591320039,"y":-0.04259734973311424,"z":0.0035342066548764707,"w":0.9907557368278503},"size":17.728118896484376,"orthographic":false}