{"cameraMode":{"drawMode":0,"name":"Shaded","section":"Shading Mode"},"sceneLighting":true,"audioPlay":false,"sceneViewState":{"m_AlwaysRefresh":false,"showFog":true,"showSkybox":true,"showFlares":true,"showImageEffects":true,"showParticleSystems":true,"showVisualEffectGraphs":true,"m_FxEnabled":true},"in2DMode":false,"pivot":{"x":-2.8190765380859377,"y":-6.989989280700684,"z":32.10877227783203},"rotation":{"x":0.12457739561796189,"y":-0.03965567424893379,"z":0.002711633453145623,"w":0.9922418594360352},"size":17.728118896484376,"orthographic":false}